scenario,mean,diff_from_baseline
Baseline,13.9582690194235,0
Exclusive use,8.11772914509105,-5.84
Two AngioINRs,9.62112151037486,-4.34
