scenario,mean,diff_from_baseline
Baseline,13.9582690194235,0
Exclusive use,8.11772914509105,-5.84
Two AngioINRs,13.5115602081546,-0.45
